{"cameraMode":{"drawMode":0,"name":"Shaded","section":"Shading Mode"},"sceneLighting":false,"audioPlay":false,"sceneViewState":{"showFog":true,"showMaterialUpdate":false,"showSkybox":false,"showFlares":true,"showImageEffects":true,"showParticleSystems":true},"in2DMode":false,"pivot":{"x":-0.08488845825195313,"y":0.08784544467926026,"z":-0.009833693504333496},"rotation":{"x":-0.12905363738536836,"y":0.8280326724052429,"z":-0.21267162263393403,"w":-0.5024718046188355},"size":4.000143051147461,"orthographic":false}