{"cameraMode":{"drawMode":0,"name":"Shaded","section":"Shading Mode"},"sceneLighting":false,"audioPlay":false,"sceneViewState":{"showFog":true,"showMaterialUpdate":false,"showSkybox":false,"showFlares":true,"showImageEffects":true,"showParticleSystems":true},"in2DMode":false,"pivot":{"x":5.600767135620117,"y":2.3549351692199709,"z":24.534366607666017},"rotation":{"x":-0.1802833378314972,"y":0.6827665567398071,"z":-0.17973551154136659,"w":-0.6848524212837219},"size":0.2405102550983429,"orthographic":false}