{"cameraMode":{"drawMode":0,"name":"Shaded","section":"Shading Mode"},"sceneLighting":false,"audioPlay":false,"sceneViewState":{"showFog":true,"showMaterialUpdate":false,"showSkybox":true,"showFlares":true,"showImageEffects":true,"showParticleSystems":true},"in2DMode":false,"pivot":{"x":310.73651123046877,"y":975.7300415039063,"z":715.839599609375},"rotation":{"x":-0.0001442192296963185,"y":-0.9998446702957153,"z":0.014403164386749268,"w":-0.01016908697783947},"size":64.32626342773438,"orthographic":false}