{"cameraMode":{"drawMode":0,"name":"Shaded","section":"Shading Mode"},"sceneLighting":false,"audioPlay":false,"sceneViewState":{"showFog":true,"showMaterialUpdate":false,"showSkybox":true,"showFlares":true,"showImageEffects":true,"showParticleSystems":true},"in2DMode":false,"pivot":{"x":27.563112258911134,"y":2.7931954860687258,"z":8.902596473693848},"rotation":{"x":0.04086020216345787,"y":0.10409709811210633,"z":0.004282476380467415,"w":-0.9937182068824768},"size":6.217752933502197,"orthographic":false}