{"cameraMode":{"drawMode":0,"name":"Shaded","section":"Shading Mode"},"sceneLighting":false,"audioPlay":false,"sceneViewState":{"showFog":true,"showMaterialUpdate":false,"showSkybox":false,"showFlares":true,"showImageEffects":true,"showParticleSystems":true},"in2DMode":false,"pivot":{"x":25.646896362304689,"y":0.598942756652832,"z":15.57003116607666},"rotation":{"x":0.03321678936481476,"y":-0.7671278715133667,"z":0.039853792637586597,"w":0.6393927931785584},"size":3.3157565593719484,"orthographic":false}