{"cameraMode":{"drawMode":0,"name":"Shaded","section":"Shading Mode"},"sceneLighting":false,"audioPlay":false,"sceneViewState":{"showFog":true,"showMaterialUpdate":false,"showSkybox":false,"showFlares":true,"showImageEffects":true,"showParticleSystems":true},"in2DMode":false,"pivot":{"x":0.0,"y":0.0008690059185028076,"z":0.39749783277511599},"rotation":{"x":0.06165280193090439,"y":0.06165377423167229,"z":-0.0038154772482812406,"w":0.9961843490600586},"size":1.9175139665603638,"orthographic":false}